{
  "family": "syncron-demo",
  "taskRoleArn": "arn:aws:iam::024213153892:role/AWSOTTaskRole",
  "executionRoleArn": "arn:aws:iam::024213153892:role/AWSOTTaskExcutionRole",
  "networkMode": "awsvpc",
  "containerDefinitions": [
    {
      "name": "aws-otel-collector",
      "image": "amazon/aws-otel-collector",
      "cpu": 0,
      "portMappings": [],
      "essential": true,
      "command": [
        "--config=/etc/ecs/container-insights/otel-task-metrics-config.yaml"
      ],
      "environment": [],
      "mountPoints": [],
      "volumesFrom": [],
      "logConfiguration": {
        "logDriver": "awslogs",
        "options": {
          "awslogs-group": "/ecs/ecs-syncron-sidecar-curator",
          "awslogs-region": "ap-south-1",
          "awslogs-stream-prefix": "ecs"
        }
      }
    },
    {
      "name": "syncron-collector-service",
      "image": "024213153892.dkr.ecr.ap-south-1.amazonaws.com/syncron-curator:latest",
      "cpu": 0,
      "links": [],
      "portMappings": [],
      "essential": true,
      "environment": [
        {
          "name": "OTEL_EXPORTER_OTLP_ENDPOINT",
          "value": "http://localhost:55680"
        },
        {
          "name": "OTEL_RESOURCE_ATTRIBUTES",
          "value": "service.namespace=Syncron,service.name=Services"
        }
      ],
      "mountPoints": [],
      "volumesFrom": [],
      "dependsOn": [
        {
          "containerName": "aws-otel-collector",
          "condition": "START"
        }
      ],
      "logConfiguration": {
        "logDriver": "awslogs",
        "options": {
          "awslogs-create-group": "True",
          "awslogs-group": "/ecs/ecs-syncron-curator",
          "awslogs-region": "ap-south-1",
          "awslogs-stream-prefix": "ecs"
        }
      }
    }
  ],
  "volumes": [],
  "placementConstraints": [],
  "requiresCompatibilities": [
    "FARGATE"
  ],
  "cpu": "256",
  "memory": "512"
}