{
  "family": "syncron-demo",
  "taskRoleArn": "arn:aws:iam::024213153892:role/ecsTaskExecutionRole",
  "executionRoleArn": "arn:aws:iam::024213153892:role/ecsTaskExecutionRole",
  "networkMode": "awsvpc",
  "containerDefinitions": [
    {
      "name": "aws-otel-collector",
      "image": "amazon/aws-otel-collector",
      "command":["--config=/etc/otel-agent-config.yaml", "--log-level=DEBUG"],
      "essential": true,
      "logConfiguration": {
        "logDriver": "awslogs",
        "options": {
          "awslogs-group": "/ecs/ecs-syncron-sidecar-collector",
          "awslogs-region": "ap-south-1",
          "awslogs-stream-prefix": "ecs",
          "awslogs-create-group": "True"
        }
      }
    },
    {
      "name": "syncron-collector-service",
      "image": "024213153892.dkr.ecr.ap-south-1.amazonaws.com/syncron-collector:latest",
      "essential": false,
      "logConfiguration": {
        "logDriver": "awslogs",
        "options": {
          "awslogs-group": "/ecs/ecs-syncron-collector",
          "awslogs-region": "ap-south-1",
          "awslogs-stream-prefix": "ecs",
          "awslogs-create-group": "True"
        }
      },
      "dependsOn": [
        {
          "containerName": "aws-otel-collector",
          "condition": "START"
        }
      ]
    }
  ],
  "requiresCompatibilities": [
    "FARGATE"
  ],
  "cpu": "256",
  "memory": "512"
}