<?xml version="1.0" encoding="UTF-8"?>
<configuration>
    <include resource="org/springframework/boot/logging/logback/defaults.xml"/>
    <appender name="CONSOLE" class="ch.qos.logback.core.ConsoleAppender">
        <encoder>
            <pattern>%clr(%d{${LOG_DATEFORMAT_PATTERN:-yyyy-MM-dd HH:mm:ss.SSS}}){faint} %clr(${LOG_LEVEL_PATTERN:-%5p}) %clr(${PID:- }){magenta} %clr(---){faint} %clr([%15.15t]){faint} %clr(%-40.40logger{39}){cyan} %clr(%X{AWS-XRAY-TRACE-ID}){faint} %clr(:){faint} %m%n${LOG_EXCEPTION_CONVERSION_WORD:-%wEx}}</pattern>
            <charset>UTF-8</charset>
        </encoder>
    </appender>
    <root level="INFO">
        <appender-ref ref="CONSOLE" />
    </root>

    <logger name="com.amazonaws.util.EC2MetadataUtils" level="error" additivity="false" />
    <logger name="com.amazonaws.internal.InstanceMetadataServiceResourceFetcher" level="error" additivity="false" />
</configuration>